<?xml version="1.0" encoding="utf-8" standalone="yes"?>
<rss version="2.0" xmlns:atom="http://www.w3.org/2005/Atom">
  <channel>
    <title>Web on Bless Blog</title>
    <link>https://blog.blessing.website/zh/tags/web/</link>
    <description>Recent content in Web on Bless Blog</description>
    <generator>Hugo</generator>
    <language>zh</language>
    <lastBuildDate>Tue, 14 Nov 2023 06:55:13 +0000</lastBuildDate>
    <atom:link href="https://blog.blessing.website/zh/tags/web/index.xml" rel="self" type="application/rss+xml" />
    <item>
      <title>Web课设</title>
      <link>https://blog.blessing.website/zh/posts/web_class/</link>
      <pubDate>Tue, 14 Nov 2023 06:55:13 +0000</pubDate>
      <guid>https://blog.blessing.website/zh/posts/web_class/</guid>
      <description>&lt;h1 id=&#34;项目功能预计实现&#34;&gt;项目功能预计实现&lt;a href=&#34;#%e9%a1%b9%e7%9b%ae%e5%8a%9f%e8%83%bd%e9%a2%84%e8%ae%a1%e5%ae%9e%e7%8e%b0&#34; class=&#34;anchor&#34; aria-hidden=&#34;true&#34;&gt;&lt;svg xmlns=&#34;http://www.w3.org/2000/svg&#34; viewBox=&#34;0 0 24 24&#34; fill=&#34;none&#34; stroke=&#34;currentColor&#34; stroke-width=&#34;2&#34;&#xD;&#xA;      stroke-linecap=&#34;round&#34; stroke-linejoin=&#34;round&#34;&gt;&#xD;&#xA;      &lt;path d=&#34;M15 7h3a5 5 0 0 1 5 5 5 5 0 0 1-5 5h-3m-6 0H6a5 5 0 0 1-5-5 5 5 0 0 1 5-5h3&#34;&gt;&lt;/path&gt;&#xD;&#xA;      &lt;line x1=&#34;8&#34; y1=&#34;12&#34; x2=&#34;16&#34; y2=&#34;12&#34;&gt;&lt;/line&gt;&#xD;&#xA;   &lt;/svg&gt;&lt;/a&gt;&lt;/h1&gt;&#xD;&#xA;&lt;p&gt;初步实现V2EX论坛的功能，注册，登录，分区，帖子列表，帖子详情，回复，点赞，收藏，评论，用户信息，用户主页，用户详情，用户关注，用户粉丝，用户回复，用户收藏，用户点赞等功能&lt;/p&gt;&#xA;&lt;h1 id=&#34;论坛设计思路&#34;&gt;论坛设计思路&lt;a href=&#34;#%e8%ae%ba%e5%9d%9b%e8%ae%be%e8%ae%a1%e6%80%9d%e8%b7%af&#34; class=&#34;anchor&#34; aria-hidden=&#34;true&#34;&gt;&lt;svg xmlns=&#34;http://www.w3.org/2000/svg&#34; viewBox=&#34;0 0 24 24&#34; fill=&#34;none&#34; stroke=&#34;currentColor&#34; stroke-width=&#34;2&#34;&#xD;&#xA;      stroke-linecap=&#34;round&#34; stroke-linejoin=&#34;round&#34;&gt;&#xD;&#xA;      &lt;path d=&#34;M15 7h3a5 5 0 0 1 5 5 5 5 0 0 1-5 5h-3m-6 0H6a5 5 0 0 1-5-5 5 5 0 0 1 5-5h3&#34;&gt;&lt;/path&gt;&#xD;&#xA;      &lt;line x1=&#34;8&#34; y1=&#34;12&#34; x2=&#34;16&#34; y2=&#34;12&#34;&gt;&lt;/line&gt;&#xD;&#xA;   &lt;/svg&gt;&lt;/a&gt;&lt;/h1&gt;&#xD;&#xA;&lt;p&gt;前端，我们计划使用Vue作为框架，结合Element Plus开发组件。同时，我们将使用Vite作为构建工具，并利用Vue的新的Composition API来使组件间的逻辑更清晰和易于维护。&lt;/p&gt;</description>
    </item>
  </channel>
</rss>
