<?xml version="1.0" encoding="utf-8" standalone="yes"?>
<rss version="2.0" xmlns:atom="http://www.w3.org/2005/Atom">
  <channel>
    <title>哲学 on Bless Blog</title>
    <link>https://blog.blessing.website/zh/tags/%E5%93%B2%E5%AD%A6/</link>
    <description>Recent content in 哲学 on Bless Blog</description>
    <generator>Hugo</generator>
    <language>zh</language>
    <lastBuildDate>Thu, 23 Nov 2023 08:56:59 +0000</lastBuildDate>
    <atom:link href="https://blog.blessing.website/zh/tags/%E5%93%B2%E5%AD%A6/index.xml" rel="self" type="application/rss+xml" />
    <item>
      <title>哲学感悟</title>
      <link>https://blog.blessing.website/zh/posts/psy/</link>
      <pubDate>Thu, 23 Nov 2023 08:56:59 +0000</pubDate>
      <guid>https://blog.blessing.website/zh/posts/psy/</guid>
      <description>&lt;h1 id=&#34;伊壁鸠鲁的人生哲学思想及其启示&#34;&gt;伊壁鸠鲁的人生哲学思想及其启示&lt;a href=&#34;#%e4%bc%8a%e5%a3%81%e9%b8%a0%e9%b2%81%e7%9a%84%e4%ba%ba%e7%94%9f%e5%93%b2%e5%ad%a6%e6%80%9d%e6%83%b3%e5%8f%8a%e5%85%b6%e5%90%af%e7%a4%ba&#34; class=&#34;anchor&#34; aria-hidden=&#34;true&#34;&gt;&lt;svg xmlns=&#34;http://www.w3.org/2000/svg&#34; viewBox=&#34;0 0 24 24&#34; fill=&#34;none&#34; stroke=&#34;currentColor&#34; stroke-width=&#34;2&#34;&#xD;&#xA;      stroke-linecap=&#34;round&#34; stroke-linejoin=&#34;round&#34;&gt;&#xD;&#xA;      &lt;path d=&#34;M15 7h3a5 5 0 0 1 5 5 5 5 0 0 1-5 5h-3m-6 0H6a5 5 0 0 1-5-5 5 5 0 0 1 5-5h3&#34;&gt;&lt;/path&gt;&#xD;&#xA;      &lt;line x1=&#34;8&#34; y1=&#34;12&#34; x2=&#34;16&#34; y2=&#34;12&#34;&gt;&lt;/line&gt;&#xD;&#xA;   &lt;/svg&gt;&lt;/a&gt;&lt;/h1&gt;&#xD;&#xA;&lt;p&gt;伊壁鸠鲁的人生哲学思想，有两点特别启示我，一是课程所强调的“快乐”，二是我之前有所听闻的“自由”。而这两点，共同组成了伊壁鸠鲁所带来的，关于“好生活”的启示。&lt;/p&gt;&#xA;&lt;h3 id=&#34;伊壁鸠鲁的快乐哲学&#34;&gt;伊壁鸠鲁的“快乐”哲学&lt;a href=&#34;#%e4%bc%8a%e5%a3%81%e9%b8%a0%e9%b2%81%e7%9a%84%e5%bf%ab%e4%b9%90%e5%93%b2%e5%ad%a6&#34; class=&#34;anchor&#34; aria-hidden=&#34;true&#34;&gt;&lt;svg xmlns=&#34;http://www.w3.org/2000/svg&#34; viewBox=&#34;0 0 24 24&#34; fill=&#34;none&#34; stroke=&#34;currentColor&#34; stroke-width=&#34;2&#34;&#xD;&#xA;      stroke-linecap=&#34;round&#34; stroke-linejoin=&#34;round&#34;&gt;&#xD;&#xA;      &lt;path d=&#34;M15 7h3a5 5 0 0 1 5 5 5 5 0 0 1-5 5h-3m-6 0H6a5 5 0 0 1-5-5 5 5 0 0 1 5-5h3&#34;&gt;&lt;/path&gt;&#xD;&#xA;      &lt;line x1=&#34;8&#34; y1=&#34;12&#34; x2=&#34;16&#34; y2=&#34;12&#34;&gt;&lt;/line&gt;&#xD;&#xA;   &lt;/svg&gt;&lt;/a&gt;&lt;/h3&gt;&#xD;&#xA;&lt;h4 id=&#34;伊壁鸠鲁快乐的含义&#34;&gt;伊壁鸠鲁“快乐”的含义&lt;a href=&#34;#%e4%bc%8a%e5%a3%81%e9%b8%a0%e9%b2%81%e5%bf%ab%e4%b9%90%e7%9a%84%e5%90%ab%e4%b9%89&#34; class=&#34;anchor&#34; aria-hidden=&#34;true&#34;&gt;&lt;svg xmlns=&#34;http://www.w3.org/2000/svg&#34; viewBox=&#34;0 0 24 24&#34; fill=&#34;none&#34; stroke=&#34;currentColor&#34; stroke-width=&#34;2&#34;&#xD;&#xA;      stroke-linecap=&#34;round&#34; stroke-linejoin=&#34;round&#34;&gt;&#xD;&#xA;      &lt;path d=&#34;M15 7h3a5 5 0 0 1 5 5 5 5 0 0 1-5 5h-3m-6 0H6a5 5 0 0 1-5-5 5 5 0 0 1 5-5h3&#34;&gt;&lt;/path&gt;&#xD;&#xA;      &lt;line x1=&#34;8&#34; y1=&#34;12&#34; x2=&#34;16&#34; y2=&#34;12&#34;&gt;&lt;/line&gt;&#xD;&#xA;   &lt;/svg&gt;&lt;/a&gt;&lt;/h4&gt;&#xD;&#xA;&lt;p&gt;伊壁鸠鲁曾指出，快乐或幸福是我们生活中首要的好（善），以及天生的好（善）。尽管伊壁鸠鲁因此而作为一个庸俗的享乐主义者，受到很多当时和后世的哲学家的误解和批评，但这种批评并不公允。因为伊壁鸠鲁已经对他所说的“快乐”的准确含义进行了澄清：“身体的无痛苦和灵魂的无烦恼。”&lt;/p&gt;</description>
    </item>
  </channel>
</rss>
