<?xml version="1.0" encoding="utf-8" standalone="yes"?>
<rss version="2.0" xmlns:atom="http://www.w3.org/2005/Atom">
  <channel>
    <title>论文笔记 on Bless Blog</title>
    <link>https://blog.blessing.website/zh/tags/%E8%AE%BA%E6%96%87%E7%AC%94%E8%AE%B0/</link>
    <description>Recent content in 论文笔记 on Bless Blog</description>
    <generator>Hugo</generator>
    <language>zh</language>
    <lastBuildDate>Thu, 16 Oct 2025 22:00:00 +0800</lastBuildDate>
    <atom:link href="https://blog.blessing.website/zh/tags/%E8%AE%BA%E6%96%87%E7%AC%94%E8%AE%B0/index.xml" rel="self" type="application/rss+xml" />
    <item>
      <title>EFT阅读</title>
      <link>https://blog.blessing.website/zh/posts/eft/</link>
      <pubDate>Thu, 16 Oct 2025 22:00:00 +0800</pubDate>
      <guid>https://blog.blessing.website/zh/posts/eft/</guid>
      <description>&lt;h1 id=&#34;eft---情景未来思维机制&#34;&gt;EFT - 情景未来思维机制&lt;a href=&#34;#eft---%e6%83%85%e6%99%af%e6%9c%aa%e6%9d%a5%e6%80%9d%e7%bb%b4%e6%9c%ba%e5%88%b6&#34; class=&#34;anchor&#34; aria-hidden=&#34;true&#34;&gt;&lt;svg xmlns=&#34;http://www.w3.org/2000/svg&#34; viewBox=&#34;0 0 24 24&#34; fill=&#34;none&#34; stroke=&#34;currentColor&#34; stroke-width=&#34;2&#34;&#xD;&#xA;      stroke-linecap=&#34;round&#34; stroke-linejoin=&#34;round&#34;&gt;&#xD;&#xA;      &lt;path d=&#34;M15 7h3a5 5 0 0 1 5 5 5 5 0 0 1-5 5h-3m-6 0H6a5 5 0 0 1-5-5 5 5 0 0 1 5-5h3&#34;&gt;&lt;/path&gt;&#xD;&#xA;      &lt;line x1=&#34;8&#34; y1=&#34;12&#34; x2=&#34;16&#34; y2=&#34;12&#34;&gt;&lt;/line&gt;&#xD;&#xA;   &lt;/svg&gt;&lt;/a&gt;&lt;/h1&gt;&#xD;&#xA;&lt;p&gt;这篇论文作者不多，仅两位，看起来像是学生与导师的组合，同样是国内作者。论文附带公开代码，整体感觉比 AgA 更易读。&lt;/p&gt;&#xA;&lt;p&gt;论文地址：https://nips.cc/virtual/2024/poster/93443&lt;br&gt;&#xA;项目地址：https://github.com/DongsuLeeTech/EFTM&lt;/p&gt;&#xA;&lt;h2 id=&#34;摘要&#34;&gt;摘要&lt;a href=&#34;#%e6%91%98%e8%a6%81&#34; class=&#34;anchor&#34; aria-hidden=&#34;true&#34;&gt;&lt;svg xmlns=&#34;http://www.w3.org/2000/svg&#34; viewBox=&#34;0 0 24 24&#34; fill=&#34;none&#34; stroke=&#34;currentColor&#34; stroke-width=&#34;2&#34;&#xD;&#xA;      stroke-linecap=&#34;round&#34; stroke-linejoin=&#34;round&#34;&gt;&#xD;&#xA;      &lt;path d=&#34;M15 7h3a5 5 0 0 1 5 5 5 5 0 0 1-5 5h-3m-6 0H6a5 5 0 0 1-5-5 5 5 0 0 1 5-5h3&#34;&gt;&lt;/path&gt;&#xD;&#xA;      &lt;line x1=&#34;8&#34; y1=&#34;12&#34; x2=&#34;16&#34; y2=&#34;12&#34;&gt;&lt;/line&gt;&#xD;&#xA;   &lt;/svg&gt;&lt;/a&gt;&lt;/h2&gt;&#xD;&#xA;&lt;p&gt;针对多智能体系统中智能体间的异构性问题，作者受动物认知过程启发，为每个智能体设计了一种&lt;strong&gt;情景未来思维机制&lt;/strong&gt;（EFT）。首先，作者开发了一种&lt;strong&gt;多角色策略&lt;/strong&gt;，用于捕捉多样化的行为特征。在多角色策略中，智能体的性格被定义为奖励组分的不同权重组合。具备 EFT 机制的智能体会收集目标智能体的观测-行动轨迹，利用训练好的多角色策略推断其性格特征。一旦完成推断，该智能体即可预测目标智能体的后续运动，对未来进行推演模拟，从而获得更高的奖励。&lt;/p&gt;</description>
    </item>
    <item>
      <title>AgA阅读</title>
      <link>https://blog.blessing.website/zh/posts/aga/</link>
      <pubDate>Wed, 15 Oct 2025 23:00:00 +0800</pubDate>
      <guid>https://blog.blessing.website/zh/posts/aga/</guid>
      <description>&lt;h1 id=&#34;多智能体协作中个体与集体目标的对齐&#34;&gt;多智能体协作中个体与集体目标的对齐&lt;a href=&#34;#%e5%a4%9a%e6%99%ba%e8%83%bd%e4%bd%93%e5%8d%8f%e4%bd%9c%e4%b8%ad%e4%b8%aa%e4%bd%93%e4%b8%8e%e9%9b%86%e4%bd%93%e7%9b%ae%e6%a0%87%e7%9a%84%e5%af%b9%e9%bd%90&#34; class=&#34;anchor&#34; aria-hidden=&#34;true&#34;&gt;&lt;svg xmlns=&#34;http://www.w3.org/2000/svg&#34; viewBox=&#34;0 0 24 24&#34; fill=&#34;none&#34; stroke=&#34;currentColor&#34; stroke-width=&#34;2&#34;&#xD;&#xA;      stroke-linecap=&#34;round&#34; stroke-linejoin=&#34;round&#34;&gt;&#xD;&#xA;      &lt;path d=&#34;M15 7h3a5 5 0 0 1 5 5 5 5 0 0 1-5 5h-3m-6 0H6a5 5 0 0 1-5-5 5 5 0 0 1 5-5h3&#34;&gt;&lt;/path&gt;&#xD;&#xA;      &lt;line x1=&#34;8&#34; y1=&#34;12&#34; x2=&#34;16&#34; y2=&#34;12&#34;&gt;&lt;/line&gt;&#xD;&#xA;   &lt;/svg&gt;&lt;/a&gt;&lt;/h1&gt;&#xD;&#xA;&lt;p&gt;看着很高级，还是国人写的，感觉应该会很有收获，作者主要在曼彻斯特大学和上交，可惜没代码，什么时候复现试试。&lt;/p&gt;&#xA;&lt;p&gt;论文地址： &lt;a href=&#34;https://nips.cc/virtual/2024/poster/96810&#34;&gt;https://nips.cc/virtual/2024/poster/96810&lt;/a&gt;&lt;/p&gt;&#xA;&lt;h2 id=&#34;前置知识&#34;&gt;前置知识&lt;a href=&#34;#%e5%89%8d%e7%bd%ae%e7%9f%a5%e8%af%86&#34; class=&#34;anchor&#34; aria-hidden=&#34;true&#34;&gt;&lt;svg xmlns=&#34;http://www.w3.org/2000/svg&#34; viewBox=&#34;0 0 24 24&#34; fill=&#34;none&#34; stroke=&#34;currentColor&#34; stroke-width=&#34;2&#34;&#xD;&#xA;      stroke-linecap=&#34;round&#34; stroke-linejoin=&#34;round&#34;&gt;&#xD;&#xA;      &lt;path d=&#34;M15 7h3a5 5 0 0 1 5 5 5 5 0 0 1-5 5h-3m-6 0H6a5 5 0 0 1-5-5 5 5 0 0 1 5-5h3&#34;&gt;&lt;/path&gt;&#xD;&#xA;      &lt;line x1=&#34;8&#34; y1=&#34;12&#34; x2=&#34;16&#34; y2=&#34;12&#34;&gt;&lt;/line&gt;&#xD;&#xA;   &lt;/svg&gt;&lt;/a&gt;&lt;/h2&gt;&#xD;&#xA;&lt;p&gt;我吃了不会数学的亏，先研究了一下博弈。&lt;/p&gt;</description>
    </item>
    <item>
      <title>JaxMARL阅读</title>
      <link>https://blog.blessing.website/zh/posts/jaxmarl/</link>
      <pubDate>Mon, 13 Oct 2025 08:56:59 +0800</pubDate>
      <guid>https://blog.blessing.website/zh/posts/jaxmarl/</guid>
      <description>&lt;h1 id=&#34;在jax中多智能体强化学习环境和算法&#34;&gt;在JAX中多智能体强化学习环境和算法&lt;a href=&#34;#%e5%9c%a8jax%e4%b8%ad%e5%a4%9a%e6%99%ba%e8%83%bd%e4%bd%93%e5%bc%ba%e5%8c%96%e5%ad%a6%e4%b9%a0%e7%8e%af%e5%a2%83%e5%92%8c%e7%ae%97%e6%b3%95&#34; class=&#34;anchor&#34; aria-hidden=&#34;true&#34;&gt;&lt;svg xmlns=&#34;http://www.w3.org/2000/svg&#34; viewBox=&#34;0 0 24 24&#34; fill=&#34;none&#34; stroke=&#34;currentColor&#34; stroke-width=&#34;2&#34;&#xD;&#xA;      stroke-linecap=&#34;round&#34; stroke-linejoin=&#34;round&#34;&gt;&#xD;&#xA;      &lt;path d=&#34;M15 7h3a5 5 0 0 1 5 5 5 5 0 0 1-5 5h-3m-6 0H6a5 5 0 0 1-5-5 5 5 0 0 1 5-5h3&#34;&gt;&lt;/path&gt;&#xD;&#xA;      &lt;line x1=&#34;8&#34; y1=&#34;12&#34; x2=&#34;16&#34; y2=&#34;12&#34;&gt;&lt;/line&gt;&#xD;&#xA;   &lt;/svg&gt;&lt;/a&gt;&lt;/h1&gt;&#xD;&#xA;&lt;p&gt;这篇笔记算算是NIPS论文精读的第一步，还是得精读论文来学习，乱找别人的总结还是不能加深对方向现状的理解。这次选的是JaxMARL，一篇NIPS2024关于MARL的论文。NIPS2024总共4538篇论文，Topic明确为MARL的只有33篇，这方向，，，，回头再看看别的顶刊，顶会的情况再下判断。&lt;/p&gt;&#xA;&lt;p&gt;论文链接： &lt;a href=&#34;https://doi.org/10.48550/arXiv.2311.10090&#34;&gt;https://doi.org/10.48550/arXiv.2311.10090&lt;/a&gt;&lt;/p&gt;&#xA;&lt;p&gt;代码链接： &lt;a href=&#34;https://github.com/flairox/jaxmarl&#34;&gt;https://github.com/flairox/jaxmarl&lt;/a&gt;&lt;/p&gt;&#xA;&lt;h2 id=&#34;介绍&#34;&gt;介绍&lt;a href=&#34;#%e4%bb%8b%e7%bb%8d&#34; class=&#34;anchor&#34; aria-hidden=&#34;true&#34;&gt;&lt;svg xmlns=&#34;http://www.w3.org/2000/svg&#34; viewBox=&#34;0 0 24 24&#34; fill=&#34;none&#34; stroke=&#34;currentColor&#34; stroke-width=&#34;2&#34;&#xD;&#xA;      stroke-linecap=&#34;round&#34; stroke-linejoin=&#34;round&#34;&gt;&#xD;&#xA;      &lt;path d=&#34;M15 7h3a5 5 0 0 1 5 5 5 5 0 0 1-5 5h-3m-6 0H6a5 5 0 0 1-5-5 5 5 0 0 1 5-5h3&#34;&gt;&lt;/path&gt;&#xD;&#xA;      &lt;line x1=&#34;8&#34; y1=&#34;12&#34; x2=&#34;16&#34; y2=&#34;12&#34;&gt;&lt;/line&gt;&#xD;&#xA;   &lt;/svg&gt;&lt;/a&gt;&lt;/h2&gt;&#xD;&#xA;&lt;p&gt;强化学习环境通常运行在CPU上，效率比较低，需要通过硬件加速和并行化来解决这个问题，简单来说就是把环境搬到GPU上跑。要在GPU上跑环境需要很多非Python代码的支持，好在这些基础工作已经有人做了，JAX可以在GPU上实现并行化和即时编译，在此基础上又诞生了PureJaxRL，直接在GPU上并行跑训练，&lt;strong&gt;比CPU快了4000倍&lt;/strong&gt;，让大规模强化学习算法的实现变得可能。JAXMARL就是在PureJaxRL、JAX等的基础上搭建的一个MARL基准，包含了环境和算法的GPU运算实现。&lt;/p&gt;</description>
    </item>
  </channel>
</rss>
