<?xml version="1.0" encoding="utf-8" standalone="yes"?>
<rss version="2.0" xmlns:atom="http://www.w3.org/2005/Atom">
  <channel>
    <title>Tags on Bless Blog</title>
    <link>https://blog.blessing.website/zh/tags/</link>
    <description>Recent content in Tags on Bless Blog</description>
    <generator>Hugo</generator>
    <language>zh</language>
    <lastBuildDate>Thu, 16 Oct 2025 22:00:00 +0800</lastBuildDate>
    <atom:link href="https://blog.blessing.website/zh/tags/index.xml" rel="self" type="application/rss+xml" />
    <item>
      <title>MARL</title>
      <link>https://blog.blessing.website/zh/tags/marl/</link>
      <pubDate>Thu, 16 Oct 2025 22:00:00 +0800</pubDate>
      <guid>https://blog.blessing.website/zh/tags/marl/</guid>
      <description></description>
    </item>
    <item>
      <title>论文笔记</title>
      <link>https://blog.blessing.website/zh/tags/%E8%AE%BA%E6%96%87%E7%AC%94%E8%AE%B0/</link>
      <pubDate>Thu, 16 Oct 2025 22:00:00 +0800</pubDate>
      <guid>https://blog.blessing.website/zh/tags/%E8%AE%BA%E6%96%87%E7%AC%94%E8%AE%B0/</guid>
      <description></description>
    </item>
    <item>
      <title>读书笔记</title>
      <link>https://blog.blessing.website/zh/tags/%E8%AF%BB%E4%B9%A6%E7%AC%94%E8%AE%B0/</link>
      <pubDate>Thu, 23 Nov 2023 08:56:59 +0000</pubDate>
      <guid>https://blog.blessing.website/zh/tags/%E8%AF%BB%E4%B9%A6%E7%AC%94%E8%AE%B0/</guid>
      <description></description>
    </item>
    <item>
      <title>哲学</title>
      <link>https://blog.blessing.website/zh/tags/%E5%93%B2%E5%AD%A6/</link>
      <pubDate>Thu, 23 Nov 2023 08:56:59 +0000</pubDate>
      <guid>https://blog.blessing.website/zh/tags/%E5%93%B2%E5%AD%A6/</guid>
      <description></description>
    </item>
    <item>
      <title>Web</title>
      <link>https://blog.blessing.website/zh/tags/web/</link>
      <pubDate>Tue, 14 Nov 2023 06:55:13 +0000</pubDate>
      <guid>https://blog.blessing.website/zh/tags/web/</guid>
      <description></description>
    </item>
    <item>
      <title>课设</title>
      <link>https://blog.blessing.website/zh/tags/%E8%AF%BE%E8%AE%BE/</link>
      <pubDate>Tue, 14 Nov 2023 06:55:13 +0000</pubDate>
      <guid>https://blog.blessing.website/zh/tags/%E8%AF%BE%E8%AE%BE/</guid>
      <description></description>
    </item>
  </channel>
</rss>
