<?xml version="1.0" encoding="utf-8" standalone="yes"?>
<rss version="2.0" xmlns:atom="http://www.w3.org/2005/Atom">
  <channel>
    <title>Bless Blog</title>
    <link>https://blog.blessing.website/zh/</link>
    <description>Recent content on Bless Blog</description>
    <generator>Hugo</generator>
    <language>zh</language>
    <lastBuildDate>Thu, 16 Oct 2025 22:00:00 +0800</lastBuildDate>
    <atom:link href="https://blog.blessing.website/zh/index.xml" rel="self" type="application/rss+xml" />
    <item>
      <title>EFT阅读</title>
      <link>https://blog.blessing.website/zh/posts/eft/</link>
      <pubDate>Thu, 16 Oct 2025 22:00:00 +0800</pubDate>
      <guid>https://blog.blessing.website/zh/posts/eft/</guid>
      <description>&lt;h1 id=&#34;eft---情景未来思维机制&#34;&gt;EFT - 情景未来思维机制&lt;a href=&#34;#eft---%e6%83%85%e6%99%af%e6%9c%aa%e6%9d%a5%e6%80%9d%e7%bb%b4%e6%9c%ba%e5%88%b6&#34; class=&#34;anchor&#34; aria-hidden=&#34;true&#34;&gt;&lt;svg xmlns=&#34;http://www.w3.org/2000/svg&#34; viewBox=&#34;0 0 24 24&#34; fill=&#34;none&#34; stroke=&#34;currentColor&#34; stroke-width=&#34;2&#34;&#xD;&#xA;      stroke-linecap=&#34;round&#34; stroke-linejoin=&#34;round&#34;&gt;&#xD;&#xA;      &lt;path d=&#34;M15 7h3a5 5 0 0 1 5 5 5 5 0 0 1-5 5h-3m-6 0H6a5 5 0 0 1-5-5 5 5 0 0 1 5-5h3&#34;&gt;&lt;/path&gt;&#xD;&#xA;      &lt;line x1=&#34;8&#34; y1=&#34;12&#34; x2=&#34;16&#34; y2=&#34;12&#34;&gt;&lt;/line&gt;&#xD;&#xA;   &lt;/svg&gt;&lt;/a&gt;&lt;/h1&gt;&#xD;&#xA;&lt;p&gt;这篇论文作者不多，仅两位，看起来像是学生与导师的组合，同样是国内作者。论文附带公开代码，整体感觉比 AgA 更易读。&lt;/p&gt;&#xA;&lt;p&gt;论文地址：https://nips.cc/virtual/2024/poster/93443&lt;br&gt;&#xA;项目地址：https://github.com/DongsuLeeTech/EFTM&lt;/p&gt;&#xA;&lt;h2 id=&#34;摘要&#34;&gt;摘要&lt;a href=&#34;#%e6%91%98%e8%a6%81&#34; class=&#34;anchor&#34; aria-hidden=&#34;true&#34;&gt;&lt;svg xmlns=&#34;http://www.w3.org/2000/svg&#34; viewBox=&#34;0 0 24 24&#34; fill=&#34;none&#34; stroke=&#34;currentColor&#34; stroke-width=&#34;2&#34;&#xD;&#xA;      stroke-linecap=&#34;round&#34; stroke-linejoin=&#34;round&#34;&gt;&#xD;&#xA;      &lt;path d=&#34;M15 7h3a5 5 0 0 1 5 5 5 5 0 0 1-5 5h-3m-6 0H6a5 5 0 0 1-5-5 5 5 0 0 1 5-5h3&#34;&gt;&lt;/path&gt;&#xD;&#xA;      &lt;line x1=&#34;8&#34; y1=&#34;12&#34; x2=&#34;16&#34; y2=&#34;12&#34;&gt;&lt;/line&gt;&#xD;&#xA;   &lt;/svg&gt;&lt;/a&gt;&lt;/h2&gt;&#xD;&#xA;&lt;p&gt;针对多智能体系统中智能体间的异构性问题，作者受动物认知过程启发，为每个智能体设计了一种&lt;strong&gt;情景未来思维机制&lt;/strong&gt;（EFT）。首先，作者开发了一种&lt;strong&gt;多角色策略&lt;/strong&gt;，用于捕捉多样化的行为特征。在多角色策略中，智能体的性格被定义为奖励组分的不同权重组合。具备 EFT 机制的智能体会收集目标智能体的观测-行动轨迹，利用训练好的多角色策略推断其性格特征。一旦完成推断，该智能体即可预测目标智能体的后续运动，对未来进行推演模拟，从而获得更高的奖励。&lt;/p&gt;</description>
    </item>
    <item>
      <title>AgA阅读</title>
      <link>https://blog.blessing.website/zh/posts/aga/</link>
      <pubDate>Wed, 15 Oct 2025 23:00:00 +0800</pubDate>
      <guid>https://blog.blessing.website/zh/posts/aga/</guid>
      <description>&lt;h1 id=&#34;多智能体协作中个体与集体目标的对齐&#34;&gt;多智能体协作中个体与集体目标的对齐&lt;a href=&#34;#%e5%a4%9a%e6%99%ba%e8%83%bd%e4%bd%93%e5%8d%8f%e4%bd%9c%e4%b8%ad%e4%b8%aa%e4%bd%93%e4%b8%8e%e9%9b%86%e4%bd%93%e7%9b%ae%e6%a0%87%e7%9a%84%e5%af%b9%e9%bd%90&#34; class=&#34;anchor&#34; aria-hidden=&#34;true&#34;&gt;&lt;svg xmlns=&#34;http://www.w3.org/2000/svg&#34; viewBox=&#34;0 0 24 24&#34; fill=&#34;none&#34; stroke=&#34;currentColor&#34; stroke-width=&#34;2&#34;&#xD;&#xA;      stroke-linecap=&#34;round&#34; stroke-linejoin=&#34;round&#34;&gt;&#xD;&#xA;      &lt;path d=&#34;M15 7h3a5 5 0 0 1 5 5 5 5 0 0 1-5 5h-3m-6 0H6a5 5 0 0 1-5-5 5 5 0 0 1 5-5h3&#34;&gt;&lt;/path&gt;&#xD;&#xA;      &lt;line x1=&#34;8&#34; y1=&#34;12&#34; x2=&#34;16&#34; y2=&#34;12&#34;&gt;&lt;/line&gt;&#xD;&#xA;   &lt;/svg&gt;&lt;/a&gt;&lt;/h1&gt;&#xD;&#xA;&lt;p&gt;看着很高级，还是国人写的，感觉应该会很有收获，作者主要在曼彻斯特大学和上交，可惜没代码，什么时候复现试试。&lt;/p&gt;&#xA;&lt;p&gt;论文地址： &lt;a href=&#34;https://nips.cc/virtual/2024/poster/96810&#34;&gt;https://nips.cc/virtual/2024/poster/96810&lt;/a&gt;&lt;/p&gt;&#xA;&lt;h2 id=&#34;前置知识&#34;&gt;前置知识&lt;a href=&#34;#%e5%89%8d%e7%bd%ae%e7%9f%a5%e8%af%86&#34; class=&#34;anchor&#34; aria-hidden=&#34;true&#34;&gt;&lt;svg xmlns=&#34;http://www.w3.org/2000/svg&#34; viewBox=&#34;0 0 24 24&#34; fill=&#34;none&#34; stroke=&#34;currentColor&#34; stroke-width=&#34;2&#34;&#xD;&#xA;      stroke-linecap=&#34;round&#34; stroke-linejoin=&#34;round&#34;&gt;&#xD;&#xA;      &lt;path d=&#34;M15 7h3a5 5 0 0 1 5 5 5 5 0 0 1-5 5h-3m-6 0H6a5 5 0 0 1-5-5 5 5 0 0 1 5-5h3&#34;&gt;&lt;/path&gt;&#xD;&#xA;      &lt;line x1=&#34;8&#34; y1=&#34;12&#34; x2=&#34;16&#34; y2=&#34;12&#34;&gt;&lt;/line&gt;&#xD;&#xA;   &lt;/svg&gt;&lt;/a&gt;&lt;/h2&gt;&#xD;&#xA;&lt;p&gt;我吃了不会数学的亏，先研究了一下博弈。&lt;/p&gt;</description>
    </item>
    <item>
      <title>JaxMARL阅读</title>
      <link>https://blog.blessing.website/zh/posts/jaxmarl/</link>
      <pubDate>Mon, 13 Oct 2025 08:56:59 +0800</pubDate>
      <guid>https://blog.blessing.website/zh/posts/jaxmarl/</guid>
      <description>&lt;h1 id=&#34;在jax中多智能体强化学习环境和算法&#34;&gt;在JAX中多智能体强化学习环境和算法&lt;a href=&#34;#%e5%9c%a8jax%e4%b8%ad%e5%a4%9a%e6%99%ba%e8%83%bd%e4%bd%93%e5%bc%ba%e5%8c%96%e5%ad%a6%e4%b9%a0%e7%8e%af%e5%a2%83%e5%92%8c%e7%ae%97%e6%b3%95&#34; class=&#34;anchor&#34; aria-hidden=&#34;true&#34;&gt;&lt;svg xmlns=&#34;http://www.w3.org/2000/svg&#34; viewBox=&#34;0 0 24 24&#34; fill=&#34;none&#34; stroke=&#34;currentColor&#34; stroke-width=&#34;2&#34;&#xD;&#xA;      stroke-linecap=&#34;round&#34; stroke-linejoin=&#34;round&#34;&gt;&#xD;&#xA;      &lt;path d=&#34;M15 7h3a5 5 0 0 1 5 5 5 5 0 0 1-5 5h-3m-6 0H6a5 5 0 0 1-5-5 5 5 0 0 1 5-5h3&#34;&gt;&lt;/path&gt;&#xD;&#xA;      &lt;line x1=&#34;8&#34; y1=&#34;12&#34; x2=&#34;16&#34; y2=&#34;12&#34;&gt;&lt;/line&gt;&#xD;&#xA;   &lt;/svg&gt;&lt;/a&gt;&lt;/h1&gt;&#xD;&#xA;&lt;p&gt;这篇笔记算算是NIPS论文精读的第一步，还是得精读论文来学习，乱找别人的总结还是不能加深对方向现状的理解。这次选的是JaxMARL，一篇NIPS2024关于MARL的论文。NIPS2024总共4538篇论文，Topic明确为MARL的只有33篇，这方向，，，，回头再看看别的顶刊，顶会的情况再下判断。&lt;/p&gt;&#xA;&lt;p&gt;论文链接： &lt;a href=&#34;https://doi.org/10.48550/arXiv.2311.10090&#34;&gt;https://doi.org/10.48550/arXiv.2311.10090&lt;/a&gt;&lt;/p&gt;&#xA;&lt;p&gt;代码链接： &lt;a href=&#34;https://github.com/flairox/jaxmarl&#34;&gt;https://github.com/flairox/jaxmarl&lt;/a&gt;&lt;/p&gt;&#xA;&lt;h2 id=&#34;介绍&#34;&gt;介绍&lt;a href=&#34;#%e4%bb%8b%e7%bb%8d&#34; class=&#34;anchor&#34; aria-hidden=&#34;true&#34;&gt;&lt;svg xmlns=&#34;http://www.w3.org/2000/svg&#34; viewBox=&#34;0 0 24 24&#34; fill=&#34;none&#34; stroke=&#34;currentColor&#34; stroke-width=&#34;2&#34;&#xD;&#xA;      stroke-linecap=&#34;round&#34; stroke-linejoin=&#34;round&#34;&gt;&#xD;&#xA;      &lt;path d=&#34;M15 7h3a5 5 0 0 1 5 5 5 5 0 0 1-5 5h-3m-6 0H6a5 5 0 0 1-5-5 5 5 0 0 1 5-5h3&#34;&gt;&lt;/path&gt;&#xD;&#xA;      &lt;line x1=&#34;8&#34; y1=&#34;12&#34; x2=&#34;16&#34; y2=&#34;12&#34;&gt;&lt;/line&gt;&#xD;&#xA;   &lt;/svg&gt;&lt;/a&gt;&lt;/h2&gt;&#xD;&#xA;&lt;p&gt;强化学习环境通常运行在CPU上，效率比较低，需要通过硬件加速和并行化来解决这个问题，简单来说就是把环境搬到GPU上跑。要在GPU上跑环境需要很多非Python代码的支持，好在这些基础工作已经有人做了，JAX可以在GPU上实现并行化和即时编译，在此基础上又诞生了PureJaxRL，直接在GPU上并行跑训练，&lt;strong&gt;比CPU快了4000倍&lt;/strong&gt;，让大规模强化学习算法的实现变得可能。JAXMARL就是在PureJaxRL、JAX等的基础上搭建的一个MARL基准，包含了环境和算法的GPU运算实现。&lt;/p&gt;</description>
    </item>
    <item>
      <title>哲学感悟</title>
      <link>https://blog.blessing.website/zh/posts/psy/</link>
      <pubDate>Thu, 23 Nov 2023 08:56:59 +0000</pubDate>
      <guid>https://blog.blessing.website/zh/posts/psy/</guid>
      <description>&lt;h1 id=&#34;伊壁鸠鲁的人生哲学思想及其启示&#34;&gt;伊壁鸠鲁的人生哲学思想及其启示&lt;a href=&#34;#%e4%bc%8a%e5%a3%81%e9%b8%a0%e9%b2%81%e7%9a%84%e4%ba%ba%e7%94%9f%e5%93%b2%e5%ad%a6%e6%80%9d%e6%83%b3%e5%8f%8a%e5%85%b6%e5%90%af%e7%a4%ba&#34; class=&#34;anchor&#34; aria-hidden=&#34;true&#34;&gt;&lt;svg xmlns=&#34;http://www.w3.org/2000/svg&#34; viewBox=&#34;0 0 24 24&#34; fill=&#34;none&#34; stroke=&#34;currentColor&#34; stroke-width=&#34;2&#34;&#xD;&#xA;      stroke-linecap=&#34;round&#34; stroke-linejoin=&#34;round&#34;&gt;&#xD;&#xA;      &lt;path d=&#34;M15 7h3a5 5 0 0 1 5 5 5 5 0 0 1-5 5h-3m-6 0H6a5 5 0 0 1-5-5 5 5 0 0 1 5-5h3&#34;&gt;&lt;/path&gt;&#xD;&#xA;      &lt;line x1=&#34;8&#34; y1=&#34;12&#34; x2=&#34;16&#34; y2=&#34;12&#34;&gt;&lt;/line&gt;&#xD;&#xA;   &lt;/svg&gt;&lt;/a&gt;&lt;/h1&gt;&#xD;&#xA;&lt;p&gt;伊壁鸠鲁的人生哲学思想，有两点特别启示我，一是课程所强调的“快乐”，二是我之前有所听闻的“自由”。而这两点，共同组成了伊壁鸠鲁所带来的，关于“好生活”的启示。&lt;/p&gt;&#xA;&lt;h3 id=&#34;伊壁鸠鲁的快乐哲学&#34;&gt;伊壁鸠鲁的“快乐”哲学&lt;a href=&#34;#%e4%bc%8a%e5%a3%81%e9%b8%a0%e9%b2%81%e7%9a%84%e5%bf%ab%e4%b9%90%e5%93%b2%e5%ad%a6&#34; class=&#34;anchor&#34; aria-hidden=&#34;true&#34;&gt;&lt;svg xmlns=&#34;http://www.w3.org/2000/svg&#34; viewBox=&#34;0 0 24 24&#34; fill=&#34;none&#34; stroke=&#34;currentColor&#34; stroke-width=&#34;2&#34;&#xD;&#xA;      stroke-linecap=&#34;round&#34; stroke-linejoin=&#34;round&#34;&gt;&#xD;&#xA;      &lt;path d=&#34;M15 7h3a5 5 0 0 1 5 5 5 5 0 0 1-5 5h-3m-6 0H6a5 5 0 0 1-5-5 5 5 0 0 1 5-5h3&#34;&gt;&lt;/path&gt;&#xD;&#xA;      &lt;line x1=&#34;8&#34; y1=&#34;12&#34; x2=&#34;16&#34; y2=&#34;12&#34;&gt;&lt;/line&gt;&#xD;&#xA;   &lt;/svg&gt;&lt;/a&gt;&lt;/h3&gt;&#xD;&#xA;&lt;h4 id=&#34;伊壁鸠鲁快乐的含义&#34;&gt;伊壁鸠鲁“快乐”的含义&lt;a href=&#34;#%e4%bc%8a%e5%a3%81%e9%b8%a0%e9%b2%81%e5%bf%ab%e4%b9%90%e7%9a%84%e5%90%ab%e4%b9%89&#34; class=&#34;anchor&#34; aria-hidden=&#34;true&#34;&gt;&lt;svg xmlns=&#34;http://www.w3.org/2000/svg&#34; viewBox=&#34;0 0 24 24&#34; fill=&#34;none&#34; stroke=&#34;currentColor&#34; stroke-width=&#34;2&#34;&#xD;&#xA;      stroke-linecap=&#34;round&#34; stroke-linejoin=&#34;round&#34;&gt;&#xD;&#xA;      &lt;path d=&#34;M15 7h3a5 5 0 0 1 5 5 5 5 0 0 1-5 5h-3m-6 0H6a5 5 0 0 1-5-5 5 5 0 0 1 5-5h3&#34;&gt;&lt;/path&gt;&#xD;&#xA;      &lt;line x1=&#34;8&#34; y1=&#34;12&#34; x2=&#34;16&#34; y2=&#34;12&#34;&gt;&lt;/line&gt;&#xD;&#xA;   &lt;/svg&gt;&lt;/a&gt;&lt;/h4&gt;&#xD;&#xA;&lt;p&gt;伊壁鸠鲁曾指出，快乐或幸福是我们生活中首要的好（善），以及天生的好（善）。尽管伊壁鸠鲁因此而作为一个庸俗的享乐主义者，受到很多当时和后世的哲学家的误解和批评，但这种批评并不公允。因为伊壁鸠鲁已经对他所说的“快乐”的准确含义进行了澄清：“身体的无痛苦和灵魂的无烦恼。”&lt;/p&gt;</description>
    </item>
    <item>
      <title>Web课设</title>
      <link>https://blog.blessing.website/zh/posts/web_class/</link>
      <pubDate>Tue, 14 Nov 2023 06:55:13 +0000</pubDate>
      <guid>https://blog.blessing.website/zh/posts/web_class/</guid>
      <description>&lt;h1 id=&#34;项目功能预计实现&#34;&gt;项目功能预计实现&lt;a href=&#34;#%e9%a1%b9%e7%9b%ae%e5%8a%9f%e8%83%bd%e9%a2%84%e8%ae%a1%e5%ae%9e%e7%8e%b0&#34; class=&#34;anchor&#34; aria-hidden=&#34;true&#34;&gt;&lt;svg xmlns=&#34;http://www.w3.org/2000/svg&#34; viewBox=&#34;0 0 24 24&#34; fill=&#34;none&#34; stroke=&#34;currentColor&#34; stroke-width=&#34;2&#34;&#xD;&#xA;      stroke-linecap=&#34;round&#34; stroke-linejoin=&#34;round&#34;&gt;&#xD;&#xA;      &lt;path d=&#34;M15 7h3a5 5 0 0 1 5 5 5 5 0 0 1-5 5h-3m-6 0H6a5 5 0 0 1-5-5 5 5 0 0 1 5-5h3&#34;&gt;&lt;/path&gt;&#xD;&#xA;      &lt;line x1=&#34;8&#34; y1=&#34;12&#34; x2=&#34;16&#34; y2=&#34;12&#34;&gt;&lt;/line&gt;&#xD;&#xA;   &lt;/svg&gt;&lt;/a&gt;&lt;/h1&gt;&#xD;&#xA;&lt;p&gt;初步实现V2EX论坛的功能，注册，登录，分区，帖子列表，帖子详情，回复，点赞，收藏，评论，用户信息，用户主页，用户详情，用户关注，用户粉丝，用户回复，用户收藏，用户点赞等功能&lt;/p&gt;&#xA;&lt;h1 id=&#34;论坛设计思路&#34;&gt;论坛设计思路&lt;a href=&#34;#%e8%ae%ba%e5%9d%9b%e8%ae%be%e8%ae%a1%e6%80%9d%e8%b7%af&#34; class=&#34;anchor&#34; aria-hidden=&#34;true&#34;&gt;&lt;svg xmlns=&#34;http://www.w3.org/2000/svg&#34; viewBox=&#34;0 0 24 24&#34; fill=&#34;none&#34; stroke=&#34;currentColor&#34; stroke-width=&#34;2&#34;&#xD;&#xA;      stroke-linecap=&#34;round&#34; stroke-linejoin=&#34;round&#34;&gt;&#xD;&#xA;      &lt;path d=&#34;M15 7h3a5 5 0 0 1 5 5 5 5 0 0 1-5 5h-3m-6 0H6a5 5 0 0 1-5-5 5 5 0 0 1 5-5h3&#34;&gt;&lt;/path&gt;&#xD;&#xA;      &lt;line x1=&#34;8&#34; y1=&#34;12&#34; x2=&#34;16&#34; y2=&#34;12&#34;&gt;&lt;/line&gt;&#xD;&#xA;   &lt;/svg&gt;&lt;/a&gt;&lt;/h1&gt;&#xD;&#xA;&lt;p&gt;前端，我们计划使用Vue作为框架，结合Element Plus开发组件。同时，我们将使用Vite作为构建工具，并利用Vue的新的Composition API来使组件间的逻辑更清晰和易于维护。&lt;/p&gt;</description>
    </item>
    <item>
      <title>About BLESS</title>
      <link>https://blog.blessing.website/zh/about/</link>
      <pubDate>Tue, 14 Nov 2023 00:00:00 +0000</pubDate>
      <guid>https://blog.blessing.website/zh/about/</guid>
      <description>&lt;p&gt;I&amp;rsquo;m a student working on Multi-agent reinforcement learning trying to use it in Microgrids&lt;/p&gt;&#xA;&lt;p&gt;Nice to meet you&lt;/p&gt;&#xA;&lt;p&gt;gmail at &lt;a href=&#34;mailto:blessingbrandro@gmail.com&#34;&gt;blessingbrandro@gmail.com&lt;/a&gt;&lt;/p&gt;&#xA;&lt;p&gt;github at&lt;/p&gt;&#xA;&lt;ul&gt;&#xA;&lt;li&gt;&lt;a href=&#34;https://github.com/Heironghuncheng/Heironghuncheng&#34;&gt;https://github.com/Heironghuncheng/Heironghuncheng&lt;/a&gt;&lt;/li&gt;&#xA;&lt;/ul&gt;</description>
    </item>
  </channel>
</rss>
